<ImportExportXml xmlns:xsi="http://www.w3.org/2001/XMLSchema-instance">
  <Entities></Entities>
  <Roles></Roles>
  <Workflows>
    <Workflow WorkflowId="{a9b2e8c0-5e77-4a1a-89d4-a9cb242d9518}" Name="Create Notes">
      <XamlFileName>/Workflows/CreateNotes-A9B2E8C0-5E77-4A1A-89D4-A9CB242D9518.xaml</XamlFileName>
      <Type>1</Type>
      <Subprocess>0</Subprocess>
      <Category>3</Category>
      <Mode>0</Mode>
      <Scope>4</Scope>
      <OnDemand>0</OnDemand>
      <TriggerOnCreate>0</TriggerOnCreate>
      <TriggerOnDelete>0</TriggerOnDelete>
      <AsyncAutodelete>0</AsyncAutodelete>
      <SyncWorkflowLogOnFailure>1</SyncWorkflowLogOnFailure>
      <StateCode>1</StateCode>
      <StatusCode>2</StatusCode>
      <CreateStage>40</CreateStage>
      <RunAs>1</RunAs>
      <SdkMessageId>{1e3214c9-b0d9-e711-a94e-000d3a109d70}</SdkMessageId>
      <UniqueName>CreateNotes</UniqueName>
      <IsTransacted>1</IsTransacted>
      <IntroducedVersion>1.0.0.0</IntroducedVersion>
      <IsCustomizable>1</IsCustomizable>
      <FormId>{00000000-0000-0000-0000-000000000000}</FormId>
      <PrimaryEntity>none</PrimaryEntity>
      <LocalizedNames>
        <LocalizedName languagecode="1033" description="Create Notes" />
      </LocalizedNames>
    </Workflow>
  </Workflows>
  <FieldSecurityProfiles></FieldSecurityProfiles>
  <Templates />
  <EntityMaps />
  <EntityRelationships />
  <OrganizationSettings />
  <optionsets />
  <WebResources>
    <WebResource>
      <WebResourceId>{a1a414b3-a4d9-e711-a94e-000d3a109d70}</WebResourceId>
      <Name>sav_/ws/script.js</Name>
      <DisplayName>/ws/script.js</DisplayName>
      <WebResourceType>3</WebResourceType>
      <IntroducedVersion>1.0.0.0</IntroducedVersion>
      <IsEnabledForMobileClient>0</IsEnabledForMobileClient>
      <IsAvailableForMobileOffline>0</IsAvailableForMobileOffline>
      <DependencyXml>&lt;Dependencies&gt;&lt;Dependency componentType="WebResource"/&gt;&lt;/Dependencies&gt;</DependencyXml>
      <IsCustomizable>1</IsCustomizable>
      <CanBeDeleted>1</CanBeDeleted>
      <IsHidden>0</IsHidden>
      <FileName>/WebResources/sav_wsscriptjsA1A414B3-A4D9-E711-A94E-000D3A109D70</FileName>
    </WebResource>
    <WebResource>
      <WebResourceId>{3d192ec5-a4d9-e711-a94e-000d3a109d70}</WebResourceId>
      <Name>sav_/ws/jquery.min.js</Name>
      <DisplayName>/ws/jquery.min.js</DisplayName>
      <WebResourceType>3</WebResourceType>
      <IntroducedVersion>1.0.0.0</IntroducedVersion>
      <IsEnabledForMobileClient>0</IsEnabledForMobileClient>
      <IsAvailableForMobileOffline>0</IsAvailableForMobileOffline>
      <DependencyXml>&lt;Dependencies&gt;&lt;Dependency componentType="WebResource"/&gt;&lt;/Dependencies&gt;</DependencyXml>
      <IsCustomizable>1</IsCustomizable>
      <CanBeDeleted>1</CanBeDeleted>
      <IsHidden>0</IsHidden>
      <FileName>/WebResources/sav_wsjqueryminjs3D192EC5-A4D9-E711-A94E-000D3A109D70</FileName>
    </WebResource>
    <WebResource>
      <WebResourceId>{53a5eb3b-a5d9-e711-a94e-000d3a109d70}</WebResourceId>
      <Name>sav_/ws/mic.png</Name>
      <DisplayName>/ws/mic.png</DisplayName>
      <WebResourceType>5</WebResourceType>
      <IntroducedVersion>1.0.0.0</IntroducedVersion>
      <IsEnabledForMobileClient>0</IsEnabledForMobileClient>
      <IsAvailableForMobileOffline>0</IsAvailableForMobileOffline>
      <DependencyXml>&lt;Dependencies&gt;&lt;Dependency componentType="WebResource"/&gt;&lt;/Dependencies&gt;</DependencyXml>
      <IsCustomizable>1</IsCustomizable>
      <CanBeDeleted>1</CanBeDeleted>
      <IsHidden>0</IsHidden>
      <FileName>/WebResources/sav_wsmicpng53A5EB3B-A5D9-E711-A94E-000D3A109D70</FileName>
    </WebResource>
    <WebResource>
      <WebResourceId>{4eaf2a4f-a5d9-e711-a94e-000d3a109d70}</WebResourceId>
      <Name>sav_/ws/stopmic.png</Name>
      <DisplayName>/ws/stopmic.png</DisplayName>
      <WebResourceType>5</WebResourceType>
      <IntroducedVersion>1.0.0.0</IntroducedVersion>
      <IsEnabledForMobileClient>0</IsEnabledForMobileClient>
      <IsAvailableForMobileOffline>0</IsAvailableForMobileOffline>
      <DependencyXml>&lt;Dependencies&gt;&lt;Dependency componentType="WebResource"/&gt;&lt;/Dependencies&gt;</DependencyXml>
      <IsCustomizable>1</IsCustomizable>
      <CanBeDeleted>1</CanBeDeleted>
      <IsHidden>0</IsHidden>
      <FileName>/WebResources/sav_wsstopmicpng4EAF2A4F-A5D9-E711-A94E-000D3A109D70</FileName>
    </WebResource>
    <WebResource>
      <WebResourceId>{64883a87-a8d9-e711-a94e-000d3a109d70}</WebResourceId>
      <Name>sav_/ws/StoT.html</Name>
      <DisplayName>/ws/StoT.html</DisplayName>
      <WebResourceType>1</WebResourceType>
      <IntroducedVersion>1.0.0.0</IntroducedVersion>
      <IsEnabledForMobileClient>0</IsEnabledForMobileClient>
      <IsAvailableForMobileOffline>0</IsAvailableForMobileOffline>
      <DependencyXml>&lt;Dependencies&gt;&lt;Dependency componentType="WebResource"&gt;&lt;Library name="sav_/ws/jquery.min.js" displayName="/ws/jquery.min.js" languagecode="" description="" libraryUniqueId="{481bd9ec-b880-d4a5-598b-78b3c5b0e378}"/&gt;&lt;Library name="sav_/ws/script.js" displayName="/ws/script.js" languagecode="" description="" libraryUniqueId="{8ed956c4-94da-cbc3-4697-e8167196894c}"/&gt;&lt;/Dependency&gt;&lt;/Dependencies&gt;</DependencyXml>
      <IsCustomizable>1</IsCustomizable>
      <CanBeDeleted>1</CanBeDeleted>
      <IsHidden>0</IsHidden>
      <FileName>/WebResources/sav_wsStoThtml64883A87-A8D9-E711-A94E-000D3A109D70</FileName>
    </WebResource>
    <WebResource>
      <WebResourceId>{5a8e389f-a8d9-e711-a94e-000d3a109d70}</WebResourceId>
      <Name>sav_/ws/submit.png</Name>
      <DisplayName>/ws/submit.png</DisplayName>
      <WebResourceType>5</WebResourceType>
      <IntroducedVersion>1.0.0.0</IntroducedVersion>
      <IsEnabledForMobileClient>0</IsEnabledForMobileClient>
      <IsAvailableForMobileOffline>0</IsAvailableForMobileOffline>
      <DependencyXml>&lt;Dependencies&gt;&lt;Dependency componentType="WebResource"/&gt;&lt;/Dependencies&gt;</DependencyXml>
      <IsCustomizable>1</IsCustomizable>
      <CanBeDeleted>1</CanBeDeleted>
      <IsHidden>0</IsHidden>
      <FileName>/WebResources/sav_wssubmitpng5A8E389F-A8D9-E711-A94E-000D3A109D70</FileName>
    </WebResource>
  </WebResources>
  <SolutionPluginAssemblies>
    <PluginAssembly FullName="SpeechToText, Version=1.0.0.0, Culture=neutral, PublicKeyToken=8ff76e3c9c5d5d01" PluginAssemblyId="28ecee76-868c-473b-bb14-9aa94b4959f1" CustomizationLevel="1">
      <IsolationMode>2</IsolationMode>
      <SourceType>0</SourceType>
      <IntroducedVersion>1.0</IntroducedVersion>
      <FileName>/PluginAssemblies/SpeechToText-28ECEE76-868C-473B-BB14-9AA94B4959F1/SpeechToText.dll</FileName>
      <PluginTypes>
        <PluginType AssemblyQualifiedName="SpeechToText.CreateNote, SpeechToText, Version=1.0.0.0, Culture=neutral, PublicKeyToken=8ff76e3c9c5d5d01" PluginTypeId="8177e9d8-3f80-447f-b82c-192eae6eaa27" Name="SpeechToText.CreateNote">
          <FriendlyName>40b91ffa-334f-4705-8baf-0d0bea846684</FriendlyName>
          <WorkflowActivityGroupName>SpeechToText (1.0.0.0)</WorkflowActivityGroupName>
        </PluginType>
      </PluginTypes>
    </PluginAssembly>
  </SolutionPluginAssemblies>
  <EntityDataProviders />
  <Languages>
    <Language>1033</Language>
  </Languages>
</ImportExportXml>